INSERT INTO CUSTOMERS VALUES
('100000', 'Johnny Li', '111 No 3 Road, Richmond BC', '1996/01/21', '604-543-1924', 'johnny@gmail.com');

INSERT INTO CUSTOMERS VALUES
('100001', 'Miki Macapagal', '222 Main Road, Vancouver BC', '1996/06/01', '604-232-2912', 'miki@gmail.com');

INSERT INTO CUSTOMERS VALUES
('100002', 'Chris Tsang', '333 Odlin Road, Richmond BC', '1956/11/05', '778-143-1234', 'ct5@gmail.com');

INSERT INTO CUSTOMERS VALUES
('100003', 'Japhet Jemina', '444 Burrard St, Vancouver BC', '1985/12/03', '778-992-9954', 'japhet@ubc.ca');

INSERT INTO CUSTOMERS VALUES
('100004', 'Emma Watson', '555 Wesbrook St, Vancouver BC', '1992/08/15', '778-523-2956', 'watson@hotmail.com');

INSERT INTO VENUE VALUES
('Rogers Arena', 'Vancouver', 20000, '995 Griffiths Ave');

INSERT INTO VENUE VALUES
('Pacific Coliseum', 'Vancouver', 15000, '900 W Hastings St');

INSERT INTO VENUE VALUES
('Madison Square Garden', 'New York City', 23123, '888 Apple St');

INSERT INTO VENUE VALUES
('T Mobile Arena', 'Las Vegas', 18000, '123 Dice Road');

INSERT INTO VENUE VALUES
('TD Garden', 'Boston', 17049, '4444 Celtic Ave');

INSERT INTO CONCERT VALUES
('00000', 'Summer Sixteen Tour', 3, '2016/06/01', 0);

INSERT INTO CONCERT VALUES
('00001', 'Starboy: Legend of the Fall', 2, '2018/01/01', 1);

INSERT INTO CONCERT VALUES
('00002', 'A Head Full of Dreams Tour', 4, '2015/09/21', 0);

INSERT INTO CONCERT VALUES
('00003', 'Dangerous Woman Tour', 3, '2016/02/14', 0);

INSERT INTO CONCERT VALUES
('00004', 'The Damn Tour', 3, '2017/08/18', 0);

INSERT INTO BAND VALUES
('Drake', 'Rap', '2005/01/01');

INSERT INTO BAND VALUES
('The Weeknd', 'RnB', '2007/03/01');

INSERT INTO BAND VALUES
('Coldplay', 'Rock', '2000/01/01');

INSERT INTO BAND VALUES
('Ariana Grande', 'Pop', '2014/01/01');

INSERT INTO BAND VALUES
('Kendrick Lamar', 'Rap', '2007/09/01');

INSERT INTO BAND VALUES
('Ed Sheeran', 'Pop', '2010/01/01');

INSERT INTO ARTIST_PARTOF VALUES 
('Ed Sheeran', 'United States', '1990/11/25', 'Ed Sheeran');

INSERT INTO BAND VALUES
('Jay Z', 'Rap', '2000/03/01');

INSERT INTO ARTIST_PARTOF VALUES 
('Shawn Corey Carter', 'United States', '1969/04/25', 'Jay Z');

INSERT INTO ARTIST_PARTOF VALUES 
('Aubrey Drake Graham', 'Canada', '1986/10/24', 'Drake');

INSERT INTO ARTIST_PARTOF VALUES 
('Abel Makkonen Tesfaye', 'Canada', '1990/02/16', 'The Weeknd');

INSERT INTO ARTIST_PARTOF VALUES 
('Chris Martin', 'England', '1977/03/02', 'Coldplay');

INSERT INTO ARTIST_PARTOF VALUES 
('Ariana Grande', 'United States', '1993/06/26', 'Ariana Grande');

INSERT INTO ARTIST_PARTOF VALUES 
('Kendrick Lamar', 'United States', '1987/06/17', 'Kendrick Lamar');

INSERT INTO PERFORMS VALUES
('00000', 'Drake');

INSERT INTO PERFORMS VALUES
('00001', 'The Weeknd');

INSERT INTO PERFORMS VALUES
('00002', 'Coldplay');

INSERT INTO PERFORMS VALUES
('00003', 'Ariana Grande');

INSERT INTO PERFORMS VALUES
('00004', 'Kendrick Lamar');

INSERT INTO HOLDTICKETS VALUES
('0123456789', '101', '2016/06/01', 0, 150, 'Vancouver', 'Rogers Arena', '100000', 0);

INSERT INTO HOLDTICKETS VALUES
('1591231431', '100', '2016/06/01', 1, 150, 'New York City', 'Madison Square Garden', '100000', 0);

INSERT INTO HOLDTICKETS VALUES
('5554443332', '301', '2015/09/21', 0, 100, 'New York City', 'Madison Square Garden', '100004', 0);

INSERT INTO HOLDTICKETS VALUES
('7778889992', 'Z11', '2017/08/18', 1, 500, 'Las Vegas', 'T Mobile Arena', '100001', 0);

INSERT INTO HOLDTICKETS VALUES
('5911239992', 'A25', '2016/02/14', 0, 111, 'Boston', 'TD Garden', '100002', 0);
####
INSERT INTO HOLDTICKETS VALUES
('1234557780', 'F15', '2016/02/14', 1, 200, 'Boston', 'TD Garden', NULL, 1);

INSERT INTO HOLDTICKETS VALUES
('0001123125', 'N20', '2016/02/14', 0, 30, 'Boston', 'TD Garden', NULL, 1);

INSERT INTO HOLDTICKETS VALUES
('7549820129', 'B10', '2017/08/18', 0, 55, 'Las Vegas', 'T Mobile Arena', NULL, 1);

INSERT INTO HOLDTICKETS VALUES
('5730194812', 'B11', '2017/08/18', 0, 90, 'Las Vegas', 'T Mobile Arena', NULL, 1);

### Customer 100000 goes to all concerts
INSERT INTO HOLDTICKETS VALUES
('2222222222', '100', '2016/06/01', 0, 150, 'Vancouver', 'Rogers Arena', '100000', 0);

INSERT INTO HOLDTICKETS VALUES
('1111111111', '222', '2016/06/01', 0, 150, 'Vancouver', 'Rogers Arena', '100000', 0);

INSERT INTO HOLDTICKETS VALUES
('3333333333', '111', '2016/06/01', 0, 150, 'Vancouver', 'Rogers Arena', '100000', 0);

INSERT INTO HOLDTICKETS VALUES
('4444444444', '305', '2016/06/01', 0, 150, 'Vancouver', 'Rogers Arena', '100000', 0);

INSERT INTO HOLDTICKETS VALUES
('5555555555', '123', '2016/06/01', 0, 150, 'Vancouver', 'Rogers Arena', '100000', 0);
##### End of 100000's concerts
INSERT INTO HOLDTICKETS VALUES
('5555555555', '123', '2016/06/01', 0, 150, 'Vancouver', 'Rogers Arena', '100000', 0);
# NEW AVAILABLE TICKETS
INSERT INTO HOLDTICKETS VALUES
('5555555556', 'C04', '2018/01/01', 1, 205, 'New York City', 'Madison Square Garden', NULL, 1);

INSERT INTO HOLDTICKETS VALUES
('5555555557', 'C05', '2018/01/01', 1, 206, 'New York City', 'Madison Square Garden', NULL, 1);

INSERT INTO HOLDTICKETS VALUES
('5555555558', 'C06', '2018/01/01', 0, 210, 'New York City', 'Madison Square Garden', NULL, 1);

INSERT INTO HOLDTICKETS VALUES
('7773130190', 'K19', '2016/06/01', 0, 125, 'Vancouver', 'Rogers Arena', NULL, 1);

INSERT INTO HOLDTICKETS VALUES
('7773130191', 'K20', '2016/06/01', 0, 125, 'Vancouver', 'Rogers Arena', NULL, 1);

INSERT INTO HOLDTICKETS VALUES
('0020030040', 'S40', '2015/09/21', 1, 40, 'Vancouver', 'Rogers Arena', NULL, 1);

INSERT INTO HOLDTICKETS VALUES
('0020030041', 'V19', '2015/09/21', 0, 50, 'Vancouver', 'Rogers Arena', NULL, 1);

INSERT INTO HOLDTICKETS VALUES
('9872301235', '323', '2016/02/14', 0, 30, 'Boston', 'TD Garden', NULL, 1);

INSERT INTO HOLDTICKETS VALUES
('9872301236', '313', '2016/02/14', 0, 30, 'Boston', 'TD Garden', NULL, 1);

INSERT INTO HOLDTICKETS VALUES
('9872301237', '250', '2016/02/14', 0, 99, 'Boston', 'TD Garden', NULL, 1);

INSERT INTO SELLS VALUES
('00003', '9872301235');

INSERT INTO SELLS VALUES
('00003', '9872301236');

INSERT INTO SELLS VALUES
('00003', '9872301237');

INSERT INTO SELLS VALUES
('00002', '0020030040');

INSERT INTO SELLS VALUES
('00002', '0020030041');

INSERT INTO SELLS VALUES
('00000', '7773130190');

INSERT INTO SELLS VALUES
('00000', '7773130191');

INSERT INTO SELLS VALUES
('00001', '5555555557');
INSERT INTO SELLS VALUES

('00001', '5555555558');

INSERT INTO SELLS VALUES
('00001', '5555555556');
## END OF NEW
INSERT INTO SELLS VALUES
('00000', '2222222222');

INSERT INTO SELLS VALUES
('00001', '1111111111');

INSERT INTO SELLS VALUES
('00002', '3333333333');

INSERT INTO SELLS VALUES
('00003', '4444444444');

INSERT INTO SELLS VALUES
('00004', '5555555555');
#####
INSERT INTO SELLS VALUES
('00000', '0123456789');

INSERT INTO SELLS VALUES
('00001', '1591231431');

INSERT INTO SELLS VALUES
('00002', '5554443332');

INSERT INTO SELLS VALUES
('00003', '5911239992');

INSERT INTO SELLS VALUES
('00004', '7778889992');
###
INSERT INTO SELLS VALUES
('00003', '1234557780');

INSERT INTO SELLS VALUES
('00003', '0001123125');

INSERT INTO SELLS VALUES
('00004', '7549820129');

INSERT INTO SELLS VALUES
('00004', '5730194812');

INSERT INTO CONCERT_MANAGER VALUES
('admin');

INSERT INTO CONCERT_MANAGER VALUES
('manager');



